planta_obra_sim,sugestoes
AgroBecker,
BARBOSA MELLO - BARAO DE COCAIS,
CONSTRUTORA ÁPIA - OBRA 935,CONSTRUTORA ÁPIA - OBRA 908 | CONSTRUTORA APIA - OBRA 928 | CONSTRUTORA APIA (Cambará/PR)
Consórcio Engibras - Ramal Salgado,Consórcio Engibras Ipaumirim-CE | Consorcio Cantareira - Renea | Consórcio Cantareira - Anel Viário Norte
EGF Botucatu,EGF Mogi Guaçu | Dexco S.A Botucatú-SP
EGF Caieiras,EGF Mogi Guaçu
JM Engenharia e Serviços,MGEL Giannette Engenharia Ouro Preto-MG
Jatoba Jaguariaiva,
MWM - OURO VERDE DO OESTE,MWM - Ouro Verde do Oeste
Next Rental Locações,
R. S. PALLAORO LTDA,
Raízen - Ipaussu,Raízen Ipaussu-SP | Raízen Jaú-SP | Raízen Serra Ibaté-SP
Raízen - Jataí,Raízen Jataí-GO | Raízen Jaú-SP | Raízen Maracaí-SP
Ruby - Cuiabá-MT,Replantar Investimentos Cuiabá-MT
São José dos Pinhais-PR,Usina São João Araras-SP | Tecnogeo Barão dos Cocais-MG
THOR ENGENHARIA LTDA,TEMA ENGENHARIA - RODOVIA TO-030 | APJ ENGENHARIA - CABIUNAS - RJ
ÁPIA - Salobo,APIA - Obra 931 Samarco
